{"cameraMode":{"drawMode":0,"name":"Shaded","section":"Shading Mode"},"sceneLighting":true,"audioPlay":false,"sceneViewState":{"showFog":true,"showMaterialUpdate":false,"showSkybox":true,"showFlares":true,"showImageEffects":true,"showParticleSystems":true},"in2DMode":false,"pivot":{"x":7.891326904296875,"y":2.4183101654052736,"z":-50.934322357177737},"rotation":{"x":0.4028579890727997,"y":0.03156687319278717,"z":-0.013902867212891579,"w":0.9146150946617127},"size":13.365867614746094,"orthographic":false}