{"cameraMode":{"drawMode":0,"name":"Shaded","section":"Shading Mode"},"sceneLighting":true,"audioPlay":false,"sceneViewState":{"showFog":true,"showMaterialUpdate":false,"showSkybox":true,"showFlares":true,"showImageEffects":true,"showParticleSystems":true},"in2DMode":false,"pivot":{"x":-1.0842339992523194,"y":9.938213348388672,"z":-21.729965209960939},"rotation":{"x":0.4557110369205475,"y":0.026699060574173929,"z":-0.013671843335032463,"w":0.889628529548645},"size":58.9176139831543,"orthographic":false}